sub_region_code,광역도시,시군구,place_name,address,lon,lat
GWO_GR,강원도,강릉시,강릉시청,강원특별자치도 강릉시 강릉대로 33,128.8759039903278,37.75211261895363
GWO_GS,강원도,고성군,고성군청,강원특별자치도 고성군 간성읍 고성중앙길 9,128.467866303864,38.3805924324258
GWO_DH,강원도,동해시,동해시청,강원특별자치도 동해시 천곡로 77,129.11429929301,37.5247415047966
GWO_SC,강원도,삼척시,삼척시청,강원특별자치도 삼척시 중앙로 296,129.165111673952,37.4498976008123
GWO_SC2,강원도,속초시,속초시청,강원특별자치도 속초시 중앙로 183,128.591938589235,38.206894335257
GWO_O,강원도,양구군,양구군청,강원특별자치도 양구군 양구읍 관공서로 38,127.989950629022,38.1100012808218
GWO_OO,강원도,양양군,양양군청,강원특별자치도 양양군 양양읍 군청길 1,128.619079851718,38.0755111735392
GWO_OO2,강원도,영월군,영월군청,강원특별자치도 영월군 영월읍 하송로 64,128.461783934737,37.1836860419405
GWO_OJ,강원도,원주시,원주시청,강원특별자치도 원주시 시청로 1,127.920097123186,37.3420475880697
GWO_OJ2,강원도,인제군,인제군청,강원특별자치도 인제군 인제읍 인제로187번길 8,128.1703491696283,38.06970616160896
GWO_JS,강원도,정선군,정선군청,강원특별자치도 정선군 정선읍 봉양3길 21,128.660813602092,37.3805844996162
GWO_CO,강원도,철원군,철원군청,강원특별자치도 철원군 갈말읍 삼부연로 51,127.3133798516857,38.14679198808101
GWO_CC,강원도,춘천시,춘천시청,강원특별자치도 춘천시 시청길 11,127.72976980517016,37.881399903208965
GWO_TB,강원도,태백시,태백시청,강원특별자치도 태백시 태붐로 21,128.98572415543916,37.16400833957862
GWO_PC,강원도,평창군,평창군청,강원특별자치도 평창군 평창읍 군청길 77,128.390161790138,37.3707820404635
GWO_HC,강원도,홍천군,홍천군청,강원특별자치도 홍천군 홍천읍 석화로 93,127.88868410893068,37.69716551454279
GWO_HC2,강원도,화천군,화천군청,강원특별자치도 화천군 화천읍 화천새싹길 45,127.708150578834,38.1061819512278
GWO_HS,강원도,횡성군,횡성군청,강원특별자치도 횡성군 횡성읍 태기로 15,127.98507091126034,37.491783235566665
GGI_GP,경기도,가평군,가평군청,경기 가평군 가평읍 석봉로 181,127.509570182187,37.831441310071
GGI_GODO,경기도,고양시 덕양구,덕양구청,경기 고양시 덕양구 화중로104번길 13,126.832188086805,37.6374795939374
GGI_GOOSD,경기도,고양시 일산동구,일산동구청,경기 고양시 일산동구 중앙로 1256,126.7750057603888,37.65887281781507
GGI_GOOSS,경기도,고양시 일산서구,일산서구청,경기 고양시 일산서구 중앙로 1600,126.74547484163494,37.6779495696529
GGI_GC,경기도,과천시,과천시청,경기 과천시 관문로 69,126.9877187390725,37.42923280345749
GGI_GM,경기도,광명시,광명시청,경기 광명시 시청로 20,126.86464781515998,37.47856747803877
GGI_GJ,경기도,광주시,광주시청,경기 광주시 행정타운로 50,127.255138719722,37.4293941934947
GGI_GR,경기도,구리시,구리시청,경기 구리시 아차산로 439,127.12963957630149,37.59435237731521
GGI_GP2,경기도,군포시,군포시청,경기 군포시 청백리길 6,126.93520593427584,37.36163002691529
GGI_GP3,경기도,김포시,김포시청,경기 김포시 사우중로 1,126.715657922925,37.6152686898387
GGI_NOJ,경기도,남양주시,남양주시청 제1청사,경기 남양주시 경춘로 1037,127.21647349382884,37.63602184125412
GGI_DDC,경기도,동두천시,동두천시청,경기 동두천시 방죽로 23,127.060440729219,37.9035986489865
GGI_BCSS,경기도,부천시 소사구,소사구청,경기 부천시 소사구 경인옛로 73,126.79995139419378,37.48005602126878
GGI_BCOJ,경기도,부천시 오정구,오정구청,경기 부천시 오정구 성오로 172,126.795755306713,37.5283804980671
GGI_BCOM,경기도,부천시 원미구,원미구청,경기 부천시 원미구 부천로136번길 27,126.787016806782,37.4965948099988
GGI_SNBD,경기도,성남시 분당구,분당구청,경기 성남시 분당구 분당로 50,127.11882993006736,37.38274415519326
GGI_SNSJ,경기도,성남시 수정구,수정구청,경기 성남시 수정구 수정로 283,127.145617389273,37.4503896755586
GGI_SNJO,경기도,성남시 중원구,중원구청,경기 성남시 중원구 제일로 36,127.137231710026,37.430599014471
GGI_SOGS,경기도,수원시 권선구,권선구청,경기 수원시 권선구 호매실로 12,126.971872538584,37.257630730144
GGI_SOOT,경기도,수원시 영통구,영통구청,경기 수원시 영통구 효원로 407,127.04662480454,37.2596035813079
GGI_SOJO,경기도,수원시 장안구,장안구청,경기 수원시 장안구 송원로 101,127.010273399584,37.3039218321556
GGI_SOPD,경기도,수원시 팔달구,팔달구청,경기 수원시 팔달구 창룡대로 23,127.02012038209382,37.28255786501674
GGI_SH,경기도,시흥시,시흥시청,경기 시흥시 시청로 20,126.802977796435,37.3801150716048
GGI_OSDO,경기도,안산시 단원구,단원구청,경기 안산시 단원구 화랑로 250,126.8153232640961,37.32114651265041
GGI_OSSR,경기도,안산시 상록구,상록구청,경기 안산시 상록구 석호로 110,126.8464803080734,37.30097183150456
GGI_OS,경기도,안성시,안성시청,경기 안성시 시청길 25,127.2797903218066,37.00806870124536
GGI_OODO,경기도,안양시 동안구,동안구청,경기 안양시 동안구 동안로 158,126.951422855867,37.3926060215039
GGI_OOMO,경기도,안양시 만안구,만안구청,경기 안양시 만안구 안양로 128,126.93251043635,37.3867040506883
GGI_OJ,경기도,양주시,양주시청,경기 양주시 부흥로 1533,127.045786084703,37.7853136973184
GGI_OP,경기도,양평군,양평군청,경기 양평군 양평읍 군청앞길 2,127.48757847007474,37.491788287692934
GGI_OJ2,경기도,여주시,여주시청,경기 여주시 세종로 1,127.637058787488,37.2984233734636
GGI_OC,경기도,연천군,연천군청,경기 연천군 연천읍 연천로 220,127.0753535037106,38.09652135288345
GGI_OS2,경기도,오산시,오산시청,경기 오산시 성호대로 141,127.07752429575427,37.149877215279375
GGI_OOGH,경기도,용인시 기흥구,기흥구청,경기 용인시 기흥구 관곡로 95,127.11471097483852,37.28040907860009
GGI_OOSJ,경기도,용인시 수지구,수지구청,경기 용인시 수지구 포은대로 435,127.09768172993404,37.322115297572424
GGI_OOCO,경기도,용인시 처인구,처인구청,경기 용인시 처인구 금령로 50,127.201357139726,37.2343060386946
GGI_OO,경기도,의왕시,의왕시청,경기 의왕시 시청로 11,126.968273810339,37.3447600461115
GGI_OJB,경기도,의정부시,의정부시청,경기 의정부시 시민로 1,127.033899090338,37.7380566430654
GGI_OC2,경기도,이천시,이천시청,경기 이천시 부악로 40,127.435089282741,37.272267590188
GGI_PJ,경기도,파주시,파주시청,경기 파주시 시청로 50,126.77988022977084,37.76004319269484
GGI_PT,경기도,평택시,평택시청,경기 평택시 경기대로 245,127.112688386547,36.9922606745476
GGI_PC,경기도,포천시,포천시청,경기 포천시 중앙로 87,127.200332890653,37.8949928340102
GGI_HN,경기도,하남시,하남시청,경기 하남시 대청로 10,127.214860598564,37.5392745653604
GGI_HS,경기도,화성시,화성시청,경기 화성시 만세구 남양읍 시청로 159,126.831477350332,37.1995372034835
GSN_GJ,경상남도,거제시,거제시청,경남 거제시 계룡로 125,128.621129462975,34.8805390454311
GSN_GC,경상남도,거창군,거창군청,경남 거창군 거창읍 중앙로 103,127.909502989225,35.686684627693
GSN_GS,경상남도,고성군,고성군청,경남 고성군 고성읍 성내로 130,128.32235908824498,34.9730600628556
GSN_GH,경상남도,김해시,김해시청,경남 김해시 김해대로 2401,128.889362698041,35.228565355907
GSN_NH,경상남도,남해군,남해군청,경남 남해군 남해읍 망운로9번길 12,127.89265203749731,34.83770154675466
GSN_MO,경상남도,밀양시,밀양시청,경남 밀양시 밀양대로 2047,128.74660534479577,35.503817302675294
GSN_SC,경상남도,사천시,사천시청,경남 사천시 용현면 시청로 77,128.06421259333,35.0036771767397
GSN_SC2,경상남도,산청군,산청군청,경남 산청군 산청읍 산엔청로 1,127.873349988184,35.4155303921575
GSN_OS,경상남도,양산시,양산시청,경남 양산시 중앙로 39,129.037272788817,35.3349920568695
GSN_OR,경상남도,의령군,의령군청,경남 의령군 의령읍 충익로 63,128.261686482103,35.3222352198227
GSN_JJ,경상남도,진주시,진주시청,경남 진주시 동진로 155,128.107706335695,35.1802228341974
GSN_CN,경상남도,창녕군,창녕군청,경남 창녕군 창녕읍 군청길 1,128.492168076016,35.5446153780883
GSN_COMSHP,경상남도,창원시 마산합포구,마산합포구청,경남 창원시 마산합포구 3.15대로 210,128.567859050232,35.196964242255
GSN_COMSHO,경상남도,창원시 마산회원구,마산회원구청,경남 창원시 마산회원구 삼호로 63,128.579713884244,35.2208515262361
GSN_COSS,경상남도,창원시 성산구,성산구청,경남 창원시 성산구 창원대로 1086,128.702788308511,35.1984113027468
GSN_COOC,경상남도,창원시 의창구,의창구청,경남 창원시 의창구 원이대로 80,128.63488511503706,35.25564511965911
GSN_COJH,경상남도,창원시 진해구,진해구청,경남 창원시 진해구 진해대로 1101,128.710188416066,35.1334297857318
GSN_TO,경상남도,통영시,통영시청,경남 통영시 통영해안로 515,128.43314919575843,34.85444392332688
GSN_HD,경상남도,하동군,하동군청,경남 하동군 하동읍 군청로 23,127.751308023413,35.0673055952748
GSN_HO,경상남도,함안군,함안군청,경남 함안군 가야읍 말산로 1,128.40649860398642,35.272427598185715
GSN_HO2,경상남도,함양군,함양군청,경남 함양군 함양읍 고운로 35,127.725160459869,35.5205271695526
GSN_HC,경상남도,합천군,합천군청,경남 합천군 합천읍 동서로 119,128.165790828635,35.5666703386742
GSB_GS,경상북도,경산시,경산시청,경북 경산시 남매로 159,128.74131437676053,35.825081617561416
GSB_GJ,경상북도,경주시,경주시청,경북 경주시 양정로 260,129.2247816627553,35.85621665939485
GSB_GR,경상북도,고령군,고령군청,경북 고령군 대가야읍 왕릉로 55,128.262895757565,35.726065320875
GSB_GM,경상북도,구미시,구미시청,경북 구미시 송정대로 55,128.34424636107,36.1195708487424
GSB_GC,경상북도,김천시,김천시청,경북 김천시 시청1길 1,128.113624475917,36.1398881671927
GSB_MG,경상북도,문경시,문경시청,경북 문경시 당교로 225,128.18677191725,36.5865273680622
GSB_BH,경상북도,봉화군,봉화군청,경북 봉화군 봉화읍 봉화로 1111,128.732386681877,36.8931350959526
GSB_SJ,경상북도,상주시,상주시청,경북 상주시 상산로 223,128.1591450769995,36.41093980020886
GSB_SJ2,경상북도,성주군,성주군청,경북 성주군 성주읍 성주로 3200,128.28293242519482,35.919093427432806
GSB_OD,경상북도,안동시,안동시청,경북 안동시 퇴계로 115,128.72958737940726,36.56846076327041
GSB_OD2,경상북도,영덕군,영덕군청,경북 영덕군 영덕읍 군청길 116,129.365306771373,36.4150618798397
GSB_OO,경상북도,영양군,영양군청,경북 영양군 영양읍 군청길 37,129.112510246094,36.6667028574383
GSB_OJ,경상북도,영주시,영주시청,경북 영주시 시청로 1,128.62393703546982,36.80561927570791
GSB_OC,경상북도,영천시,영천시청,경북 영천시 시청로 16,128.938550862069,35.9732205043639
GSB_OC2,경상북도,예천군,예천군청,경북 예천군 예천읍 충효로 111,128.437359521537,36.6469364091903
GSB_OR,경상북도,울릉군,울릉군청,경북 울릉군 울릉읍 도동2길 66,130.9057128084862,37.48444159320234
GSB_OJ2,경상북도,울진군,울진군청,경북 울진군 울진읍 울진중앙로 121,129.400547024077,36.9930349161485
GSB_OS,경상북도,의성군,의성군청,경북 의성군 의성읍 군청길 31,128.697077816086,36.3527164442679
GSB_CD,경상북도,청도군,청도군청,경북 청도군 화양읍 청화로 70,128.73401526249253,35.64738481498588
GSB_CS,경상북도,청송군,청송군청,경북 청송군 청송읍 군청로 51,129.05707051086566,36.43622815784616
GSB_CG,경상북도,칠곡군,칠곡군청,경북 칠곡군 왜관읍 군청1길 80,128.4016621719616,35.995589685743255
GSB_PHN,경상북도,포항시 남구,포항시 남구청,경북 포항시 남구 희망대로 790,129.3597888902016,36.00837634724896
GSB_PHB,경상북도,포항시 북구,포항시 북구청,경북 포항시 북구 삼호로 36,129.36857585219622,36.043741730891966
GWJ_GS,광주광역시,광산구,광산구청,광주 광산구 광산로29번길 15,126.7936312497974,35.139547183060515
GWJ_N,광주광역시,남구,광주광역시 남구청,광주 남구 봉선로 1,126.9024768687986,35.1328197804147
GWJ_D,광주광역시,동구,광주광역시 동구청,광주 동구 서남로 1,126.923095112876,35.1461666691942
GWJ_B,광주광역시,북구,광주광역시 북구청,광주 북구 우치로 77,126.912012078918,35.1741733740814
GWJ_S,광주광역시,서구,광주광역시 서구청,광주 서구 경열로 33,126.890187526297,35.1520722691738
DAE_GO,대구광역시,군위군,군위군청,대구 군위군 군위읍 군청로 200,128.57296044228613,36.242965235259405
DAE_N,대구광역시,남구,대구광역시 남구청,대구 남구 이천로 51,128.597678619122,35.846040991422
DAE_DS,대구광역시,달서구,달서구청,대구 달서구 학산로 45,128.53283654057586,35.829915239524574
DAE_DS2,대구광역시,달성군,달성군청,대구 달성군 논공읍 달성군청로 33,128.43122013983,35.7744738664334
DAE_D,대구광역시,동구,대구광역시 동구청,대구 동구 아양로 207,128.635524099695,35.8866236166438
DAE_B,대구광역시,북구,대구광역시북구청,대구 북구 옥산로 65,128.58278004565273,35.885684028717314
DAE_S,대구광역시,서구,대구광역시서구청,대구 서구 국채보상로 257,128.55915424679594,35.87166757854537
DAE_SS,대구광역시,수성구,수성구청,대구 수성구 달구벌대로 2450,128.630635463657,35.8581745018961
DAE_J,대구광역시,중구,대구광역시 중구청,대구 중구 국채보상로139길 1,128.606220516062,35.8693892533878
DJN_DD,대전광역시,대덕구,대덕구청,대전 대덕구 대전로1033번길 20,127.41556189063058,36.34670513230572
DJN_D,대전광역시,동구,대전광역시동구청,대전 동구 동구청로 147,127.4548049053032,36.31177684421038
DJN_S,대전광역시,서구,대전광역시서구청,대전 서구 둔산서로 100,127.38378971587576,36.3554987200786
DJN_OS,대전광역시,유성구,유성구청,대전 유성구 대학로 211,127.356257593326,36.3622851114633
DJN_J,대전광역시,중구,대전광역시중구청,대전 중구 중앙로 100,127.421339922099,36.3257812272388
BUS_GS,부산광역시,강서구,부산광역시강서구청,부산 강서구 낙동북로 477,128.9805616889145,35.2121944923609
BUS_GJ,부산광역시,금정구,금정구청,부산 금정구 중앙대로 1777,129.09209529249665,35.242777202003566
BUS_GJ2,부산광역시,기장군,기장군청,부산 기장군 기장읍 기장대로 560,129.222422056745,35.244418104542
BUS_N,부산광역시,남구,부산광역시남구청,부산 남구 못골로 19,129.0842382673236,35.13652266033347
BUS_D,부산광역시,동구,부산광역시 동구청,부산 동구 구청로 1,129.045305770386,35.1292668001141
BUS_DR,부산광역시,동래구,동래구청,부산 동래구 충렬대로237번길 93,129.0837168262676,35.20509156925779
BUS_BSJ,부산광역시,부산진구,부산진구청,부산 부산진구 시민공원로 30,129.05316320469666,35.16285368220081
BUS_B,부산광역시,북구,부산광역시북구청,부산 북구 낙동대로1570번길 33,128.990036594514,35.1972959413305
BUS_SS,부산광역시,사상구,사상구청,부산 사상구 학감대로 242,128.99111976951127,35.15259797775398
BUS_SH,부산광역시,사하구,사하구청,부산 사하구 낙동대로398번길 12,128.974932970713,35.1044479031967
BUS_S,부산광역시,서구,부산광역시 서구청,부산 서구 구덕로 120,129.02429624836347,35.09792355764983
BUS_SO,부산광역시,수영구,수영구청,부산 수영구 남천동로 100,129.11312518910896,35.145538378275056
BUS_OJ,부산광역시,연제구,연제구청,부산 연제구 연제로 2,129.07974139535176,35.176205865206086
BUS_OD,부산광역시,영도구,영도구청,부산 영도구 태종로 423,129.067888802333,35.0912398946385
BUS_J,부산광역시,중구,부산광역시중구청,부산 중구 중구로 120,129.032373132273,35.106226983637
BUS_HOD,부산광역시,해운대구,해운대구청,부산 해운대구 중동2로 11,129.163596084022,35.1630666685904
SEO_GN,서울특별시,강남구,강남구청,서울 강남구 학동로 426,127.047377408384,37.51733192586
SEO_GD,서울특별시,강동구,강동구청,서울 강동구 성내로 25,127.123792501253,37.5301933196226
SEO_GB,서울특별시,강북구,강북구청 (2028년완공예정),서울 강북구 도봉로89길 13,127.025538071854,37.6397513275933
SEO_GS,서울특별시,강서구,강서구청,서울 강서구 화곡로 302,126.849533759513,37.5509646154307
SEO_GO,서울특별시,관악구,관악구청,서울 관악구 관악로 145,126.9515212255308,37.47825663431044
SEO_GJ,서울특별시,광진구,광진구청,서울 광진구 아차산로 400,127.08775364792672,37.536282124049194
SEO_GR,서울특별시,구로구,구로구청,서울 구로구 가마산로 245,126.887505314509,37.495433086372
SEO_GC,서울특별시,금천구,금천구청,서울 금천구 시흥대로73길 70,126.895456780022,37.4568411485862
SEO_NO,서울특별시,노원구,노원구청,서울 노원구 노해로 437,127.056430475217,37.6543617567106
SEO_DB,서울특별시,도봉구,도봉구청,서울 도봉구 마들로 656,127.04721049936,37.6686914100331
SEO_DDM,서울특별시,동대문구,동대문구청,서울 동대문구 천호대로 145,127.039747394094,37.5744184359353
SEO_DJ,서울특별시,동작구,동작구청,서울 동작구 장승배기로 70,126.94026947466944,37.50423743464916
SEO_MP,서울특별시,마포구,마포구청,서울 마포구 월드컵로 212,126.9019551411,37.5662141901015
SEO_SDM,서울특별시,서대문구,서대문구청,서울 서대문구 연희로 248,126.9368156604,37.5791618639849
SEO_SC,서울특별시,서초구,서초구청,서울 서초구 남부순환로 2584,127.03273228181403,37.48358700894981
SEO_SD,서울특별시,성동구,성동구청,서울 성동구 고산자로 270,127.036930141185,37.5634272053432
SEO_SB,서울특별시,성북구,성북구청,서울 성북구 보문로 168,127.01670064115751,37.589358815718086
SEO_SP,서울특별시,송파구,송파구청,서울 송파구 올림픽로 326,127.10591770866108,37.51458371944687
SEO_OC,서울특별시,양천구,양천구청,서울 양천구 목동동로 105,126.86650140966,37.5169884752677
SEO_ODP,서울특별시,영등포구,영등포구청,서울 영등포구 당산로 123,126.89627166361284,37.5263617665219
SEO_OS,서울특별시,용산구,용산구청,서울 용산구 녹사평대로 150,126.99057555769706,37.53242563258956
SEO_OP,서울특별시,은평구,은평구청,서울 은평구 은평로 195,126.92893871656368,37.60281743572421
SEO_JR,서울특별시,종로구,종로구청 본관,서울 종로구 종로1길 50,126.9796122125294,37.57477115073343
SEO_J,서울특별시,중구,서울특별시중구청,서울 중구 창경궁로 17,126.99755518229246,37.5638077703663
SEO_JR2,서울특별시,중랑구,중랑구청,서울 중랑구 봉화산로 179,127.092820287005,37.6065432383975
SEJ_SJ,세종특별자치시,세종특별자치시,세종특별자치시청,세종특별자치시 한누리대로 2130,127.28919531800284,36.48006310909889
ULS_N,울산광역시,남구,울산광역시남구청,울산 남구 돋질로 233,129.330091790845,35.543809703761
ULS_D,울산광역시,동구,울산광역시동구청,울산 동구 봉수로 155,129.4164855733705,35.50463591923512
ULS_B,울산광역시,북구,울산광역시북구청,울산 북구 산업로 1010,129.361146675243,35.5827469957671
ULS_OJ,울산광역시,울주군,울주군청,울산 울주군 청량읍 군청로 1,129.24211289801443,35.52202518974331
ULS_J,울산광역시,중구,울산광역시중구청,울산 중구 단장골길 1,129.332494084537,35.5693352250797
ICN_GH,인천광역시,강화군,강화군청,인천 강화군 강화읍 강화대로 394,126.488012719729,37.7465178254303
ICN_GO,인천광역시,계양구,계양구청,인천 계양구 계산새로 88,126.737704664718,37.537495668289594
ICN_ND,인천광역시,남동구,남동구청,인천 남동구 소래로 633,126.731487739738,37.447348790365
ICN_D,인천광역시,동구,인천광역시동구청,인천 동구 금곡로 67,126.643281922793,37.4738609918038
ICN_MCH,인천광역시,미추홀구,미추홀구청,인천 미추홀구 독정이로 95,126.650564932015,37.46358605199472
ICN_BP,인천광역시,부평구,부평구청,인천 부평구 부평대로 168,126.72186416760135,37.50704166364728
ICN_S,인천광역시,서구,인천광역시 서구청 (2026년 7월 명칭변경예정),인천 서구 서곶로 307,126.67602846821862,37.545433516040895
ICN_OS,인천광역시,연수구,연수구청,인천 연수구 원인재로 115,126.67827259916945,37.41009957073099
ICN_J,인천광역시,중구,인천광역시 중구청 제1청사,인천 중구 신포로27번길 80,126.62170176164,37.473660523066044
JLN_GJ,전라남도,강진군,강진군청,전남 강진군 강진읍 탐진로 111,126.767213471896,34.6420615269377
JLN_GH,전라남도,고흥군,고흥군청,전남 고흥군 고흥읍 고흥군청로 1,127.27546165352356,34.60456122006696
JLN_GO,전라남도,광양시,광양시청,전남 광양시 시청로 33,127.695930772812,34.9404252535637
JLN_GR,전라남도,구례군,구례군청,전남 구례군 구례읍 봉성로 1,127.462703636573,35.2024963617496
JLN_NJ,전라남도,나주시,나주시청,전남 나주시 시청길 22,126.710829255048,35.0158976866159
JLN_DO,전라남도,담양군,담양군청 본관동,전남 담양군 담양읍 추성로 1371,126.9882107113138,35.3212089709198
JLN_MP,전라남도,목포시,목포시청,전남 목포시 양을로 203,126.39223316548866,34.8118309291849
JLN_MO,전라남도,무안군,무안군청,전남 무안군 무안읍 무안로 530,126.4817048272844,34.99034062277967
JLN_BS,전라남도,보성군,보성군청,전남 보성군 보성읍 송재로 165,127.07994753045006,34.77144185178856
JLN_SC,전라남도,순천시,순천시청,전남 순천시 장명로 30,127.487382934917,34.9506097807137
JLN_OS,전라남도,여수시,여수시청,전남 여수시 시청로 1,127.662331251576,34.7604010648756
JLN_OG,전라남도,영광군,영광군청,전남 영광군 영광읍 중앙로 203,126.512013797422,35.2771900333014
JLN_OO,전라남도,영암군,영암군청,전남 영암군 영암읍 군청로 1,126.69676259054906,34.80005911452347
JLN_OD,전라남도,완도군,완도군청,전남 완도군 완도읍 청해진남로 51,126.754998729551,34.3109789171546
JLN_JS,전라남도,장성군,장성군청,전남 장성군 장성읍 영천로 200,126.784918877011,35.3018576771764
JLN_JH,전라남도,장흥군,장흥군청,전남 장흥군 장흥읍 장흥로 21,126.907058431105,34.6816120676163
JLN_JD,전라남도,진도군,진도군청,전남 진도군 진도읍 철마길 25,126.263446186435,34.4868286204025
JLN_HP,전라남도,함평군,함평군청,전남 함평군 함평읍 중앙길 200,126.516624840632,35.065911169169
JLN_HN,전라남도,해남군,해남군청,전남 해남군 해남읍 군청길 4,126.59964416879448,34.57390813913456
JLN_HS,전라남도,화순군,화순군청,전남 화순군 화순읍 동헌길 23,126.986502436773,35.0645119791653
JLB_GC,전라북도,고창군,고창군청,전북특별자치도 고창군 고창읍 중앙로 245,126.70212036531936,35.435698216387024
JLB_GS,전라북도,군산시,군산시청,전북특별자치도 군산시 시청로 17,126.736840487467,35.9674665619521
JLB_GJ,전라북도,김제시,김제시청,전북특별자치도 김제시 중앙로 40,126.88064624026556,35.803579864697056
JLB_NO,전라북도,남원시,남원시청,전북특별자치도 남원시 시청로 60,127.39039422539848,35.416362760155316
JLB_MJ,전라북도,무주군,무주군청,전북특별자치도 무주군 무주읍 주계로 97,127.66080634115052,36.00684374318185
JLB_BO,전라북도,부안군,부안군청,전북특별자치도 부안군 부안읍 당산로 91,126.73301132779662,35.731655989970236
JLB_SC,전라북도,순창군,순창군청,전북특별자치도 순창군 순창읍 경천로 33,127.13739126627604,35.37442988078404
JLB_OJ,전라북도,완주군,완주군청,전북특별자치도 완주군 용진읍 지암로 61,127.162119017463,35.9048145963735
JLB_OS,전라북도,익산시,익산시청,전북특별자치도 익산시 인북로32길 1,126.95785397267198,35.948719827934084
JLB_OS2,전라북도,임실군,임실군청,전북특별자치도 임실군 임실읍 수정로 30,127.289087482793,35.6178545082707
JLB_JS,전라북도,장수군,장수군청,전북특별자치도 장수군 장수읍 호비로 10,127.52129202374192,35.64783779791047
JLB_JJDJ,전라북도,전주시 덕진구,덕진구청,전북특별자치도 전주시 덕진구 벚꽃로 55,127.134288790967,35.8294032519242
JLB_JJOS,전라북도,전주시 완산구,완산구청,전북특별자치도 전주시 완산구 서원로 232,127.119796025934,35.81223694806
JLB_JO,전라북도,정읍시,정읍시청,전북특별자치도 정읍시 충정로 234,126.8559968739961,35.56984917403152
JLB_JO2,전라북도,진안군,진안군청,전북특별자치도 진안군 진안읍 중앙로 67,127.424865465443,35.7917723036422
JEJ_SGP,제주특별자치도,서귀포시,서귀포시청 제1청사,제주특별자치도 서귀포시 중앙로 105,126.55956346690888,33.254064625579836
JEJ_JJ,제주특별자치도,제주시,제주시청,제주특별자치도 제주시 광양9길 10,126.531171087129,33.4995342412698
CCN_GR,충청남도,계룡시,계룡시청,충남 계룡시 장안로 46,127.24854256142,36.274558995858
CCN_GJ,충청남도,공주시,공주시청,충남 공주시 봉황로 1,127.11905504092,36.4465551158454
CCN_GS,충청남도,금산군,금산군청,충남 금산군 금산읍 군청길 13,127.487974555923,36.1088634037258
CCN_NS,충청남도,논산시,논산시청,충남 논산시 시민로210번길 9,127.09873246517816,36.18718180375547
CCN_DJ,충청남도,당진시,당진시청,충남 당진시 시청1로 1,126.645888436836,36.8896748628807
CCN_BR,충청남도,보령시,보령시청,충남 보령시 성주산로 77,126.612759338777,36.3333366888157
CCN_BO,충청남도,부여군,부여군청,충남 부여군 부여읍 사비로 33,126.90977170080116,36.275762814639755
CCN_SS,충청남도,서산시,서산시청,충남 서산시 관아문길 1,126.450333937444,36.7848762954463
CCN_SC,충청남도,서천군,서천군청,충남 서천군 서천읍 서림로 19,126.70288393594392,36.07803538758214
CCN_OS,충청남도,아산시,아산시청,충남 아산시 시민로 456,127.00250963817426,36.789972365394405
CCN_OS2,충청남도,예산군,예산군청,충남 예산군 예산읍 군청로 22,126.844850722809,36.6808805439695
CCN_CODN,충청남도,천안시 동남구,동남구청,충남 천안시 동남구 옛시청길 39,127.15167568011962,36.80675351986665
CCN_COSB,충청남도,천안시 서북구,서북구청,충남 천안시 서북구 성거읍 봉주로 75,127.154969215539,36.8784484280331
CCN_CO,충청남도,청양군,청양군청,충남 청양군 청양읍 문화예술로 222,126.802200216848,36.4592146952529
CCN_TO,충청남도,태안군,태안군청,충남 태안군 태안읍 군청로 1,126.297926066955,36.7456046843787
CCN_HS,충청남도,홍성군,홍성군청,충남 홍성군 홍성읍 아문길 27,126.660832389148,36.6013575608157
CCB_GS,충청북도,괴산군,괴산군청,충북 괴산군 괴산읍 임꺽정로 90,127.78665104247418,36.81535716509145
CCB_DO,충청북도,단양군,단양군청,충북 단양군 단양읍 중앙1로 10,128.3655442185559,36.98465776942097
CCB_BO,충청북도,보은군,보은군청,충북 보은군 보은읍 군청길 38,127.729498803343,36.4894353521523
CCB_OD,충청북도,영동군,영동군청,충북 영동군 영동읍 동정로 1,127.783438619241,36.1749928212919
CCB_OC,충청북도,옥천군,옥천군청,충북 옥천군 옥천읍 중앙로 99,127.571345042939,36.306435561293
CCB_OS,충청북도,음성군,음성군청,충북 음성군 음성읍 중앙로 173,127.690480041098,36.9403218849274
CCB_JC,충청북도,제천시,제천시청,충북 제천시 내토로 295,128.19098272347088,37.132655995440835
CCB_JP,충청북도,증평군,증평군청,충북 증평군 증평읍 광장로 88,127.581539888449,36.7854023678008
CCB_JC2,충청북도,진천군,진천군청,충북 진천군 진천읍 상산로 13,127.43553384338794,36.855379000059486
CCB_CJSD,충청북도,청주시 상당구,상당구청,충북 청주시 상당구 남일면 단재로 466,127.50510709989604,36.58973451393992
CCB_CJSO,충청북도,청주시 서원구,서원구청,충북 청주시 서원구 사직대로 227,127.469743939297,36.6376517522016
CCB_CJCO,충청북도,청주시 청원구,청원구청,충북 청주시 청원구 직지대로 871,127.486653079001,36.6515837875709
CCB_CJHD,충청북도,청주시 흥덕구,흥덕구청,충북 청주시 흥덕구 강내면 청주역로 71,127.37586144268288,36.62892495357005
CCB_CJ,충청북도,충주시,충주시청,충북 충주시 으뜸로 21,127.925961035789,36.9910490160367
